{
  "formatVersion": 1,
  "database": {
    "version": 2,
    "identityHash": "5dae138ee2eb0a581a6cdaa2bdf1e212",
    "entities": [
      {
        "tableName": "Note",
        "createSql": "CREATE TABLE IF NOT EXISTS `${TABLE_NAME}` (`id` INTEGER PRIMARY KEY AUTOINCREMENT NOT NULL, `title` TEXT, `content` TEXT)",
        "fields": [
          {
            "fieldPath": "id",
            "columnName": "id",
            "affinity": "INTEGER",
            "notNull": true
          },
          {
            "fieldPath": "title",
            "columnName": "title",
            "affinity": "TEXT",
            "notNull": false
          },
          {
            "fieldPath": "content",
            "columnName": "content",
            "affinity": "TEXT",
            "notNull": false
          }
        ],
        "primaryKey": {
          "autoGenerate": true,
          "columnNames": [
            "id"
          ]
        },
        "indices": [],
        "foreignKeys": []
      },
      {
        "tableName": "Vacation",
        "createSql": "CREATE TABLE IF NOT EXISTS `${TABLE_NAME}` (`id` INTEGER PRIMARY KEY AUTOINCREMENT NOT NULL, `lodging` TEXT, `end_date` TEXT, `title` TEXT, `startDate` TEXT)",
        "fields": [
          {
            "fieldPath": "id",
            "columnName": "id",
            "affinity": "INTEGER",
            "notNull": true
          },
          {
            "fieldPath": "lodging",
            "columnName": "lodging",
            "affinity": "TEXT",
            "notNull": false
          },
          {
            "fieldPath": "endDate",
            "columnName": "end_date",
            "affinity": "TEXT",
            "notNull": false
          },
          {
            "fieldPath": "title",
            "columnName": "title",
            "affinity": "TEXT",
            "notNull": false
          },
          {
            "fieldPath": "startDate",
            "columnName": "startDate",
            "affinity": "TEXT",
            "notNull": false
          }
        ],
        "primaryKey": {
          "autoGenerate": true,
          "columnNames": [
            "id"
          ]
        },
        "indices": [],
        "foreignKeys": []
      },
      {
        "tableName": "Excursion",
        "createSql": "CREATE TABLE IF NOT EXISTS `${TABLE_NAME}` (`id` INTEGER PRIMARY KEY AUTOINCREMENT NOT NULL, `vacation_id` INTEGER NOT NULL, `title` TEXT, `startDate` TEXT, FOREIGN KEY(`vacation_id`) REFERENCES `Vacation`(`id`) ON UPDATE NO ACTION ON DELETE RESTRICT )",
        "fields": [
          {
            "fieldPath": "id",
            "columnName": "id",
            "affinity": "INTEGER",
            "notNull": true
          },
          {
            "fieldPath": "vacationId",
            "columnName": "vacation_id",
            "affinity": "INTEGER",
            "notNull": true
          },
          {
            "fieldPath": "title",
            "columnName": "title",
            "affinity": "TEXT",
            "notNull": false
          },
          {
            "fieldPath": "startDate",
            "columnName": "startDate",
            "affinity": "TEXT",
            "notNull": false
          }
        ],
        "primaryKey": {
          "autoGenerate": true,
          "columnNames": [
            "id"
          ]
        },
        "indices": [
          {
            "name": "index_Excursion_vacation_id",
            "unique": false,
            "columnNames": [
              "vacation_id"
            ],
            "orders": [],
            "createSql": "CREATE INDEX IF NOT EXISTS `index_Excursion_vacation_id` ON `${TABLE_NAME}` (`vacation_id`)"
          }
        ],
        "foreignKeys": [
          {
            "table": "Vacation",
            "onDelete": "RESTRICT",
            "onUpdate": "NO ACTION",
            "columns": [
              "vacation_id"
            ],
            "referencedColumns": [
              "id"
            ]
          }
        ]
      }
    ],
    "views": [],
    "setupQueries": [
      "CREATE TABLE IF NOT EXISTS room_master_table (id INTEGER PRIMARY KEY,identity_hash TEXT)",
      "INSERT OR REPLACE INTO room_master_table (id,identity_hash) VALUES(42, '5dae138ee2eb0a581a6cdaa2bdf1e212')"
    ]
  }
}